ID Fiscalía,fiscalia,agencia,unidad_investigacion
FADEINTLENCNC1UD,FISCALÃA DE INVESTIGACIÃN TERRITORIAL EN COYOACÃN,COY-1,UI-3CD
FADEJAPLPAASAA33CNDO,FISCALÃA DE JUSTICIA PENAL PARA ADOLESCENTES,AEJPA,3 CON DETENIDO
FADEINTLENGOA.MOU2UD,FISCALÃA DE INVESTIGACIÃN TERRITORIAL EN GUSTAVO A. MADERO,UAT-GAM-2,UI-1SD
FADEINTLENGOA.MOU3UD,FISCALÃA DE INVESTIGACIÃN TERRITORIAL EN GUSTAVO A. MADERO,UAT-GAM-3,UI-1SD
FADEINTLENIAI5UD,FISCALÃA DE INVESTIGACIÃN TERRITORIAL EN IZTAPALAPA,IZP-5,UI-3CD
FADEINTLENIAI4UD,FISCALÃA DE INVESTIGACIÃN TERRITORIAL EN IZTAPALAPA,IZP-4,UI-3SD
FADEINTLENMLHOU2UD,FISCALÃA DE INVESTIGACIÃN TERRITORIAL EN MIGUEL HIDALGO,UAT-MH-2,UI-1SD
FADEINTLENTCU2UD,FISCALÃA DE INVESTIGACIÃN TERRITORIAL EN TLÃHUAC,UAT-TLH-2,UI-1SD
FADEINTLENCCC2UD,FISCALÃA DE INVESTIGACIÃN TERRITORIAL EN CUAUHTÃMOC,CUH-2,UI-3CD
FADEINTLENMAAAU1UD,FISCALÃA DE INVESTIGACIÃN TERRITORIAL EN MILPA ALTA,UAT-MIL-1,UI-1SD
FADEINTLENTNU3UD,FISCALÃA DE INVESTIGACIÃN TERRITORIAL EN TLALPAN,UAT-TLP-3,UI-1SD
FADEINTLENBOJZH3UD,FISCALÃA DE INVESTIGACIÃN TERRITORIAL EN BENITO JUÃREZ,H3,UI-1SD
FADEINTLENTNT3UD,FISCALÃA DE INVESTIGACIÃN TERRITORIAL EN TLALPAN,TLP-3,UI-3CD
FADEINDEDSSSF5F3,FISCALÃA DE INVESTIGACIÃN DE DELITOS SEXUALES,FDS-5,FDS-5-03
FADEINTLENIAI6UD,FISCALÃA DE INVESTIGACIÃN TERRITORIAL EN IZTAPALAPA,IZP-6,UI-3CD
FADEINTLENCNC2UD,FISCALÃA DE INVESTIGACIÃN TERRITORIAL EN COYOACÃN,COY-2,UI-3CD
FADEINTLENCAU1UD,FISCALÃA DE INVESTIGACIÃN TERRITORIAL EN CUAJIMALPA,UAT-CUJ-1,UI-1SD
FADEINTLENVOCAU311SNDO,FISCALÃA DE INVESTIGACIÃN TERRITORIAL EN VENUSTIANO CARRANZA,UAT-VC-3,1 SIN DETENIDO
AADEDADLCCUD,AGENCIA DE DENUNCIA DIGITAL,CEN-C,UI-1SD
FADEINTLENBOJZU111SNDO,FISCALÃA DE INVESTIGACIÃN TERRITORIAL EN BENITO JUÃREZ,UAT-BJ-1,1 SIN DETENIDO
FADEINTLENBOJZB2UD,FISCALÃA DE INVESTIGACIÃN TERRITORIAL EN BENITO JUÃREZ,BJ-2,UI-3CD
FADEINTLENAOONA3UD,FISCALÃA DE INVESTIGACIÃN TERRITORIAL EN ALVARO OBREGÃN,AO-3,UI-3CD
FADEINTLENMAAAM1UD,FISCALÃA DE INVESTIGACIÃN TERRITORIAL EN MILPA ALTA,MIL-1,UI-3CD
FADEINTLENCNC1UD,FISCALÃA DE INVESTIGACIÃN TERRITORIAL EN COYOACÃN,COY-1,UI-1CD
FADEINTLENCCU7UD,FISCALÃA DE INVESTIGACIÃN TERRITORIAL EN CUAUHTÃMOC,UAT-CUH-7,UI-1SD
FADEINTLENIAI6UD,FISCALÃA DE INVESTIGACIÃN TERRITORIAL EN IZTAPALAPA,IZP-6,UI-1CD
FADEINTLENTNT3UD,FISCALÃA DE INVESTIGACIÃN TERRITORIAL EN TLALPAN,TLP-3,UI-1CD
FADEINTLENMLHOU4UD,FISCALÃA DE INVESTIGACIÃN TERRITORIAL EN MIGUEL HIDALGO,UAT-MH-4,UI-1SD
FAPALAINDELSDSCSPRSSPSBBUD,FISCALÃA PARA LA INVESTIGACIÃN DE LOS DELITOS COMETIDOS POR SERVIDORES PÃBLICOS,B,UI-1CD
FADEINTLENAOONA3UD,FISCALÃA DE INVESTIGACIÃN TERRITORIAL EN ALVARO OBREGÃN,AO-3,UI-1CD
FADEINDLDODEVAFR75Uddein77SD,FISCALÃA DE INVESTIGACIÃN DEL DELITO DE VIOLENCIA FAMILIAR,75,Unidad de investigaciÃ³n 7 S/D
FADEINTLENTNU4UD,FISCALÃA DE INVESTIGACIÃN TERRITORIAL EN TLALPAN,UAT-TLP-4,UI-1SD
FADEINTLENCNC4UD,FISCALÃA DE INVESTIGACIÃN TERRITORIAL EN COYOACÃN,COY-4,UI-1SD
FADEINTLENIAI4UD,FISCALÃA DE INVESTIGACIÃN TERRITORIAL EN IZTAPALAPA,IZP-4,UI-1SD
FAEAPALAINDLDODEFODDUD,FISCALÃA ESPECIALIZADA PARA LA INVESTIGACIÃN DEL DELITO DE FEMINICIDIO,D,UI-1SD
FADEINTLENGOA.MOU4UD,FISCALÃA DE INVESTIGACIÃN TERRITORIAL EN GUSTAVO A. MADERO,UAT-GAM-4,UI-1SD
FADEINTLENIAI6UD,FISCALÃA DE INVESTIGACIÃN TERRITORIAL EN IZTAPALAPA,IZP-6,UI-1SD
FADEINTLENIOU2UD,FISCALÃA DE INVESTIGACIÃN TERRITORIAL EN IZTACALCO,UAT-IZC-2,UI-1SD
FADEINTLENCAC2UD,FISCALÃA DE INVESTIGACIÃN TERRITORIAL EN CUAJIMALPA,CJ-2,UI-1CD
FADEINDEDSSSF1F1,FISCALÃA DE INVESTIGACIÃN DE DELITOS SEXUALES,FDS-1,FDS-1-01
FADEINTLENCCU6UD,FISCALÃA DE INVESTIGACIÃN TERRITORIAL EN CUAUHTÃMOC,UAT-CUH-6,UI-1SD
FADEINTLENVOCAU2UD,FISCALÃA DE INVESTIGACIÃN TERRITORIAL EN VENUSTIANO CARRANZA,UAT-VC-2,UI-1SD
FADEINDLDODESOEE11CNDO11CD,FISCALÃA DE INVESTIGACIÃN DEL DELITO DE SECUESTRO,E,1 CON DETENIDO 1 C/D
FADEINTLENIAU511SNDO,FISCALÃA DE INVESTIGACIÃN TERRITORIAL EN IZTAPALAPA,UAT-IZP-5,1 SIN DETENIDO
FADEINTLENAOA2UD,FISCALÃA DE INVESTIGACIÃN TERRITORIAL EN AZCAPOTZALCO,AZ-2,UI-1CD
FADEINTLENAOONU4UD,FISCALÃA DE INVESTIGACIÃN TERRITORIAL EN ALVARO OBREGÃN,UAT-AO-4,UI-1SD
FADEINTLENMLHOM3UD,FISCALÃA DE INVESTIGACIÃN TERRITORIAL EN MIGUEL HIDALGO,MH-3,UI-1SD
FADEINTLENAOU4UD,FISCALÃA DE INVESTIGACIÃN TERRITORIAL EN AZCAPOTZALCO,UAT-AZ-4,UI-1SD
FADEINDEDSCSENAODEGSDEANPAG1UddeinLD,FISCALÃA DE INVESTIGACIÃN DE DELITOS COMETIDOS EN AGRAVIO DE GRUPOS DE ATENCIÃN PRIORITARIA,GAP1,Unidad de investigaciÃ³n LGBT-C/D
FADEINDLDODEVAFR75UD,FISCALÃA DE INVESTIGACIÃN DEL DELITO DE VIOLENCIA FAMILIAR,75,UI-1SD
AADEDADLCAUD,AGENCIA DE DENUNCIA DIGITAL,CEN-A,UI-1SD
FADEINTLENMLHOH1UD,FISCALÃA DE INVESTIGACIÃN TERRITORIAL EN MIGUEL HIDALGO,H1,UI-1SD
FADEINTLENMACSU2UD,FISCALÃA DE INVESTIGACIÃN TERRITORIAL EN MAGDALENA CONTRERAS,UAT-MC-2,UI-1SD
FADEINTLENCCU3UD,FISCALÃA DE INVESTIGACIÃN TERRITORIAL EN CUAUHTÃMOC,UAT-CUH-3,UI-1SD
FADEINDEDSCSENAODEGSDEANPAG1UddeinID,FISCALÃA DE INVESTIGACIÃN DE DELITOS COMETIDOS EN AGRAVIO DE GRUPOS DE ATENCIÃN PRIORITARIA,GAP1,Unidad de investigaciÃ³n IND-C/D
FADEINTLENVOCAV3UD,FISCALÃA DE INVESTIGACIÃN TERRITORIAL EN VENUSTIANO CARRANZA,VC-3,UI-1CD
FADEINTLENXOU2UD,FISCALÃA DE INVESTIGACIÃN TERRITORIAL EN XOCHIMILCO,UAT-XO-2,UI-1SD
FADEINDEDSSSF5F1,FISCALÃA DE INVESTIGACIÃN DE DELITOS SEXUALES,FDS-5,FDS-5-01
FADEINTLENCCC4UD,FISCALÃA DE INVESTIGACIÃN TERRITORIAL EN CUAUHTÃMOC,CUH-4,UI-1SD
FADEINTLENCNC2UD,FISCALÃA DE INVESTIGACIÃN TERRITORIAL EN COYOACÃN,COY-2,UI-1CD
FADEINTLENCCC2UD,FISCALÃA DE INVESTIGACIÃN TERRITORIAL EN CUAUHTÃMOC,CUH-2,UI-1CD
FADEINDEDSSSF7F1,FISCALÃA DE INVESTIGACIÃN DE DELITOS SEXUALES,FDS-7,FDS-7-01
FADEINTLENMACSU133SNDO,FISCALÃA DE INVESTIGACIÃN TERRITORIAL EN MAGDALENA CONTRERAS,UAT-MC-1,3 SIN DETENIDO
FADEINTLENIAI8UD,FISCALÃA DE INVESTIGACIÃN TERRITORIAL EN IZTAPALAPA,IZP-8,UI-1CD
FADEINTLENMLHOU1UD,FISCALÃA DE INVESTIGACIÃN TERRITORIAL EN MIGUEL HIDALGO,UAT-MH-1,UI-1SD
FADEINDEDSSSF4F1,FISCALÃA DE INVESTIGACIÃN DE DELITOS SEXUALES,FDS-4,FDS-4-01
FADEINTLENBOJZU3UD,FISCALÃA DE INVESTIGACIÃN TERRITORIAL EN BENITO JUÃREZ,UAT-BJ-3,UI-1SD
FADEINTLENIAI9UD,FISCALÃA DE INVESTIGACIÃN TERRITORIAL EN IZTAPALAPA,IZP-9,UI-1SD
FADEINTLENGOA.MOG4UD,FISCALÃA DE INVESTIGACIÃN TERRITORIAL EN GUSTAVO A. MADERO,GAM-4,UI-1CD
FADEINTLENCNU5UD,FISCALÃA DE INVESTIGACIÃN TERRITORIAL EN COYOACÃN,UAT-COY-5,UI-1SD
FADEINTLENMLHOM5UD,FISCALÃA DE INVESTIGACIÃN TERRITORIAL EN MIGUEL HIDALGO,MH-5,UI-1CD
FADEINTLENCCU1UD,FISCALÃA DE INVESTIGACIÃN TERRITORIAL EN CUAUHTÃMOC,UAT-CUH-1,UI-1SD
FADEINENDSASYYENMADEPNUAAA11CNDO11CD,FISCALÃA DE INVESTIGACIÃN EN DELITOS AMBIENTALES Y EN MATERIA DE PROTECCIÃN URBANA,A,1 CON DETENIDO 1 C/D
FADEINDLDODEVAFRCZ11SNDO,FISCALÃA DE INVESTIGACIÃN DEL DELITO DE VIOLENCIA FAMILIAR,CJM-AZ,1 SIN DETENIDO
FADEINTLENMLHOH2UD,FISCALÃA DE INVESTIGACIÃN TERRITORIAL EN MIGUEL HIDALGO,H2,UI-1SD
FADEINTLENCCU8UD,FISCALÃA DE INVESTIGACIÃN TERRITORIAL EN CUAUHTÃMOC,UAT-CUH-8,UI-1SD
"FADEINDEDSCSENAODEN,NSYYAS59UD","FISCALÃA DE INVESTIGACIÃN DE DELITOS COMETIDOS EN AGRAVIO DE NIÃAS, NIÃOS Y ADOLESCENTES",59,UI-1CD
FADEINTLENBOJZB2UD,FISCALÃA DE INVESTIGACIÃN TERRITORIAL EN BENITO JUÃREZ,BJ-2,UI-1CD
FADEINTLENCCU2UD,FISCALÃA DE INVESTIGACIÃN TERRITORIAL EN CUAUHTÃMOC,UAT-CUH-2,UI-1SD
FADEINTLENTCT2UD,FISCALÃA DE INVESTIGACIÃN TERRITORIAL EN TLÃHUAC,TLH-2,UI-1CD
FADEINEADLDODEHO2211CNDO11CD,FISCALÃA DE INVESTIGACIÃN ESTRATÃGICA DEL DELITO DE HOMICIDIO,2,1 CON DETENIDO 1 C/D
FADEINTLENMAAAM1UD,FISCALÃA DE INVESTIGACIÃN TERRITORIAL EN MILPA ALTA,MIL-1,UI-1CD
FADEINDEDSSSF2F1,FISCALÃA DE INVESTIGACIÃN DE DELITOS SEXUALES,FDS-2,FDS-2-01
FADEJAPLPAASAA11CNDO,FISCALÃA DE JUSTICIA PENAL PARA ADOLESCENTES,AEJPA,1 CON DETENIDO
FADEINTLENIAI5UD,FISCALÃA DE INVESTIGACIÃN TERRITORIAL EN IZTAPALAPA,IZP-5,UI-1CD
FADEINTLENIOI3UD,FISCALÃA DE INVESTIGACIÃN TERRITORIAL EN IZTACALCO,IZC-3,UI-1CD
FADEINTLENCNU2UD,FISCALÃA DE INVESTIGACIÃN TERRITORIAL EN COYOACÃN,UAT-COY-2,UI-1SD
FADEINTLENIOI3UD,FISCALÃA DE INVESTIGACIÃN TERRITORIAL EN IZTACALCO,IZC-3,UI-2CD
FADEINTLENTNU1UD,FISCALÃA DE INVESTIGACIÃN TERRITORIAL EN TLALPAN,UAT-TLP-1,UI-1SD
"FADEINDEDSCSENAODEN,NSYYASCCUD","FISCALÃA DE INVESTIGACIÃN DE DELITOS COMETIDOS EN AGRAVIO DE NIÃAS, NIÃOS Y ADOLESCENTES",C,UI-4SD
FADEINTLENIAI6UD,FISCALÃA DE INVESTIGACIÃN TERRITORIAL EN IZTAPALAPA,IZP-6,UI-2CD
FADEINTLENIAI6UD,FISCALÃA DE INVESTIGACIÃN TERRITORIAL EN IZTAPALAPA,IZP-6,UI-2SD
FADEINDEDSCSENAODEGSDEANPAG4UddeinA1SD,FISCALÃA DE INVESTIGACIÃN DE DELITOS COMETIDOS EN AGRAVIO DE GRUPOS DE ATENCIÃN PRIORITARIA,GAP4,Unidad de investigaciÃ³n AM-1 S/D
FADEINTLENTNU5UD,FISCALÃA DE INVESTIGACIÃN TERRITORIAL EN TLALPAN,UAT-TLP-5,UI-1SD
FADEINTLENCCC4UD,FISCALÃA DE INVESTIGACIÃN TERRITORIAL EN CUAUHTÃMOC,CUH-4,UI-2SD
FADEINTLENIAI9UD,FISCALÃA DE INVESTIGACIÃN TERRITORIAL EN IZTAPALAPA,IZP-9,UI-2SD
FADEINEADLDODERODEVSYYTEOIUD,FISCALÃA DE INVESTIGACIÃN ESTRATÃGICA DEL DELITO DE ROBO DE VEHÃCULOS Y TRANSPORTE,ORIENTEII,UI-2CD
FADEJAPLPAASAA22CNDO,FISCALÃA DE JUSTICIA PENAL PARA ADOLESCENTES,AEJPA,2 CON DETENIDO
AADEDADLCBUD,AGENCIA DE DENUNCIA DIGITAL,CEN-B,UI-1SD
"FADEINDEDSCSENAODEN,NSYYAS59UD","FISCALÃA DE INVESTIGACIÃN DE DELITOS COMETIDOS EN AGRAVIO DE NIÃAS, NIÃOS Y ADOLESCENTES",59,UI-2CD
"FADEINDEDSCSENAODEN,NSYYASBBB4SNDO","FISCALÃA DE INVESTIGACIÃN DE DELITOS COMETIDOS EN AGRAVIO DE NIÃAS, NIÃOS Y ADOLESCENTES",B,B-4 SIN DETENIDO
FADEINEADEDSFSTTUD,FISCALÃA DE INVESTIGACIÃN ESTRATÃGICA DE DELITOS FINANCIEROS,T,UI-1SD
FADEINTLENCNC3UD,FISCALÃA DE INVESTIGACIÃN TERRITORIAL EN COYOACÃN,COY-3,UI-2SD
FADEINTLENIAI8UD,FISCALÃA DE INVESTIGACIÃN TERRITORIAL EN IZTAPALAPA,IZP-8,UI-2CD
FADEINTLENGOA.MOG4UD,FISCALÃA DE INVESTIGACIÃN TERRITORIAL EN GUSTAVO A. MADERO,GAM-4,UI-2CD
FADEINDEDSSSF5F2,FISCALÃA DE INVESTIGACIÃN DE DELITOS SEXUALES,FDS-5,FDS-5-02
FADEINEACLAIUD,FISCALÃA DE INVESTIGACIÃN ESTRATÃGICA CENTRAL,ACI,UI-4SD
"FADEINDEDSCSENAODEN,NSYYASBBB2SNDO","FISCALÃA DE INVESTIGACIÃN DE DELITOS COMETIDOS EN AGRAVIO DE NIÃAS, NIÃOS Y ADOLESCENTES",B,B-2 SIN DETENIDO
FADEINTLENIAI4UD,FISCALÃA DE INVESTIGACIÃN TERRITORIAL EN IZTAPALAPA,IZP-4,UI-2SD
FADEINTLENTCU111SNDO,FISCALÃA DE INVESTIGACIÃN TERRITORIAL EN TLÃHUAC,UAT-TLH-1,1 SIN DETENIDO
FADEINTLENMLHOM5UD,FISCALÃA DE INVESTIGACIÃN TERRITORIAL EN MIGUEL HIDALGO,MH-5,UI-2CD
FADEINTLENIAI5UD,FISCALÃA DE INVESTIGACIÃN TERRITORIAL EN IZTAPALAPA,IZP-5,UI-2CD
FADEINTLENAOA2UD,FISCALÃA DE INVESTIGACIÃN TERRITORIAL EN AZCAPOTZALCO,AZ-2,UI-2CD
FADEINTLENCCC5UD,FISCALÃA DE INVESTIGACIÃN TERRITORIAL EN CUAUHTÃMOC,CUH-5,UI-2SD
FADEINTLENTNT3UD,FISCALÃA DE INVESTIGACIÃN TERRITORIAL EN TLALPAN,TLP-3,UI-2CD
FADEINDEDSSSF4F2,FISCALÃA DE INVESTIGACIÃN DE DELITOS SEXUALES,FDS-4,FDS-4-02
FADEINEADEASESCCUD,FISCALÃA DE INVESTIGACIÃN ESTRATÃGICA DE ASUNTOS ESPECIALES,C,UI-1CD
FADEINDLDODEVAFRCZ22SNDO,FISCALÃA DE INVESTIGACIÃN DEL DELITO DE VIOLENCIA FAMILIAR,CJM-AZ,2 SIN DETENIDO
FADEINTLENVOCAV1UD,FISCALÃA DE INVESTIGACIÃN TERRITORIAL EN VENUSTIANO CARRANZA,VC-1,UI-1SD
FADEINTLENVOCAT2UD,FISCALÃA DE INVESTIGACIÃN TERRITORIAL EN VENUSTIANO CARRANZA,TUR-2,UI-2CD
FADEINTLENCNC4UD,FISCALÃA DE INVESTIGACIÃN TERRITORIAL EN COYOACÃN,COY-4,UI-2SD
FADEINTLENCCSPUD,FISCALÃA DE INVESTIGACIÃN TERRITORIAL EN CUAUHTÃMOC,STCMP,UI-2SD
FADEINTLENCCC2UD,FISCALÃA DE INVESTIGACIÃN TERRITORIAL EN CUAUHTÃMOC,CUH-2,UI-2CD
"FADEINDEDSCSENAODEN,NSYYASAAUD","FISCALÃA DE INVESTIGACIÃN DE DELITOS COMETIDOS EN AGRAVIO DE NIÃAS, NIÃOS Y ADOLESCENTES",A,UI-3SD
FADEINDEDSSSF2F2,FISCALÃA DE INVESTIGACIÃN DE DELITOS SEXUALES,FDS-2,FDS-2-02
FADEINDEDSSSF7F2,FISCALÃA DE INVESTIGACIÃN DE DELITOS SEXUALES,FDS-7,FDS-7-02
FADEINTLENGOA.MOG2UD,FISCALÃA DE INVESTIGACIÃN TERRITORIAL EN GUSTAVO A. MADERO,GAM-2,UI-2CD
FADEINTLENCNC1UD,FISCALÃA DE INVESTIGACIÃN TERRITORIAL EN COYOACÃN,COY-1,UI-2CD
FADEINDLDODENOADUD,FISCALÃA DE INVESTIGACIÃN DEL DELITO DE NARCOMENUDEO,ACD,UI-2CD
"FADEINDEDSCSENAODEN,NSYYASBBB6SNDO","FISCALÃA DE INVESTIGACIÃN DE DELITOS COMETIDOS EN AGRAVIO DE NIÃAS, NIÃOS Y ADOLESCENTES",B,B-6 SIN DETENIDO
FADEINTLENVOCAV3UD,FISCALÃA DE INVESTIGACIÃN TERRITORIAL EN VENUSTIANO CARRANZA,VC-3,UI-2CD
FADEINTLENXOX2UD,FISCALÃA DE INVESTIGACIÃN TERRITORIAL EN XOCHIMILCO,XO-2,UI-2CD
FADEINDLDODEVAFRCP22SNDO,FISCALÃA DE INVESTIGACIÃN DEL DELITO DE VIOLENCIA FAMILIAR,CJM-TLP,2 SIN DETENIDO
"FADEINDEDSCSENAODEN,NSYYASBBB5SNDO","FISCALÃA DE INVESTIGACIÃN DE DELITOS COMETIDOS EN AGRAVIO DE NIÃAS, NIÃOS Y ADOLESCENTES",B,B-5 SIN DETENIDO
"FADEINDEDSCSENAODEN,NSYYASAAUD","FISCALÃA DE INVESTIGACIÃN DE DELITOS COMETIDOS EN AGRAVIO DE NIÃAS, NIÃOS Y ADOLESCENTES",A,UI-5SD
FADEINTLENCCSVUD,FISCALÃA DE INVESTIGACIÃN TERRITORIAL EN CUAUHTÃMOC,STCMZV,UI-2CD
"FADEINDEDSCSENAODEN,NSYYASBBB7SNDÂÂÂ","FISCALÃA DE INVESTIGACIÃN DE DELITOS COMETIDOS EN AGRAVIO DE NIÃAS, NIÃOS Y ADOLESCENTES",B,B-7 SIN DETENIDOÂ  Â 
FADEINDEDSSSF3F2,FISCALÃA DE INVESTIGACIÃN DE DELITOS SEXUALES,FDS-3,FDS-3-02
FADEINTLENMACSM2UD,FISCALÃA DE INVESTIGACIÃN TERRITORIAL EN MAGDALENA CONTRERAS,MC-2,UI-2CD
FADEINDEDSSSF6F2,FISCALÃA DE INVESTIGACIÃN DE DELITOS SEXUALES,FDS-6,FDS-6-02
FADEINDELSDSENMADETADEPST1UD,FISCALÃA DE INVESTIGACIÃN DE LOS DELITOS EN MATERIA DE TRATA DE PERSONAS,TP-1,UI-1CD
FADEINDLDODEVAFRCP22SNDO,FISCALÃA DE INVESTIGACIÃN DEL DELITO DE VIOLENCIA FAMILIAR,CJM-IZP,2 SIN DETENIDO
FADEINTLENIAI7UD,FISCALÃA DE INVESTIGACIÃN TERRITORIAL EN IZTAPALAPA,IZP-7,UI-4SD
FAPALAINDELSDSCSPRSSPSBBUD,FISCALÃA PARA LA INVESTIGACIÃN DE LOS DELITOS COMETIDOS POR SERVIDORES PÃBLICOS,B,UI-2CD
FADEINTLENCNC2UD,FISCALÃA DE INVESTIGACIÃN TERRITORIAL EN COYOACÃN,COY-2,UI-2CD
"FADEINDEDSCSENAODEN,NSYYASBBB3SNDO","FISCALÃA DE INVESTIGACIÃN DE DELITOS COMETIDOS EN AGRAVIO DE NIÃAS, NIÃOS Y ADOLESCENTES",B,B-3 SIN DETENIDO
FADEINTLENMAAAM1UD,FISCALÃA DE INVESTIGACIÃN TERRITORIAL EN MILPA ALTA,MIL-1,UI-2CD
FADEINDEDSSSF1F2,FISCALÃA DE INVESTIGACIÃN DE DELITOS SEXUALES,FDS-1,FDS-1-02
FADEINTLENAOONA3UD,FISCALÃA DE INVESTIGACIÃN TERRITORIAL EN ALVARO OBREGÃN,AO-3,UI-2CD
FADEINTLENBOJZB2UD,FISCALÃA DE INVESTIGACIÃN TERRITORIAL EN BENITO JUÃREZ,BJ-2,UI-2CD
FAEAPALAINDLDODEFODDUD,FISCALÃA ESPECIALIZADA PARA LA INVESTIGACIÃN DEL DELITO DE FEMINICIDIO,D,UI-2SD
FADEINTLENVOCAV5UD,FISCALÃA DE INVESTIGACIÃN TERRITORIAL EN VENUSTIANO CARRANZA,VC-5,UI-1SD
FADEINTLENGOA.MOG4UD,FISCALÃA DE INVESTIGACIÃN TERRITORIAL EN GUSTAVO A. MADERO,GAM-4,UI-3CD
FADEINDEDSSSF6F3,FISCALÃA DE INVESTIGACIÃN DE DELITOS SEXUALES,FDS-6,FDS-6-03
FADEINDEDSSSF4F3,FISCALÃA DE INVESTIGACIÃN DE DELITOS SEXUALES,FDS-4,FDS-4-03
FADEINTLENIAI6UD,FISCALÃA DE INVESTIGACIÃN TERRITORIAL EN IZTAPALAPA,IZP-6,UI-3SD
FADEINTLENIAI8UD,FISCALÃA DE INVESTIGACIÃN TERRITORIAL EN IZTAPALAPA,IZP-8,UI-3CD
FADEINTLENIAI9UD,FISCALÃA DE INVESTIGACIÃN TERRITORIAL EN IZTAPALAPA,IZP-9,UI-3SD
FADEINDEDSSSF7F3,FISCALÃA DE INVESTIGACIÃN DE DELITOS SEXUALES,FDS-7,FDS-7-03
FAPALAINDELSDSCSPRSSPSBBUD,FISCALÃA PARA LA INVESTIGACIÃN DE LOS DELITOS COMETIDOS POR SERVIDORES PÃBLICOS,B,UI-3CD
FADEINTLENVOCAV4UD,FISCALÃA DE INVESTIGACIÃN TERRITORIAL EN VENUSTIANO CARRANZA,VC-4,UI-1SD
FADEINTLENCNC4UD,FISCALÃA DE INVESTIGACIÃN TERRITORIAL EN COYOACÃN,COY-4,UI-3SD
FADEINTLENCCSPUD,FISCALÃA DE INVESTIGACIÃN TERRITORIAL EN CUAUHTÃMOC,STCMP,UI-3SD
FADEINDLDODEVAFRCZ33SNDO,FISCALÃA DE INVESTIGACIÃN DEL DELITO DE VIOLENCIA FAMILIAR,CJM-AZ,3 SIN DETENIDO
"FADEINDEDSCSENAODEN,NSYYASAAUD","FISCALÃA DE INVESTIGACIÃN DE DELITOS COMETIDOS EN AGRAVIO DE NIÃAS, NIÃOS Y ADOLESCENTES",A,UI-4SD
FADEINDEDSCSENAODEGSDEANPAG3UddeinLD,FISCALÃA DE INVESTIGACIÃN DE DELITOS COMETIDOS EN AGRAVIO DE GRUPOS DE ATENCIÃN PRIORITARIA,GAP3,Unidad de investigaciÃ³n LGBT-C/D
FADEINDLDODESOEE33CNDO33CD,FISCALÃA DE INVESTIGACIÃN DEL DELITO DE SECUESTRO,E,3 CON DETENIDO 3 C/D
FADEINDEDSSSF3F3,FISCALÃA DE INVESTIGACIÃN DE DELITOS SEXUALES,FDS-3,FDS-3-03
FADEINEADLDODERODEVSYYTEOIUD,FISCALÃA DE INVESTIGACIÃN ESTRATÃGICA DEL DELITO DE ROBO DE VEHÃCULOS Y TRANSPORTE,ORIENTEII,UI-3CD
FADEINTLENGOA.MOG2UD,FISCALÃA DE INVESTIGACIÃN TERRITORIAL EN GUSTAVO A. MADERO,GAM-2,UI-3CD
FADEINDEDSSSF1F3,FISCALÃA DE INVESTIGACIÃN DE DELITOS SEXUALES,FDS-1,FDS-1-03
FADEINTLENAOA2UD,FISCALÃA DE INVESTIGACIÃN TERRITORIAL EN AZCAPOTZALCO,AZ-2,UI-3CD
FADEINTLENMACSM2UD,FISCALÃA DE INVESTIGACIÃN TERRITORIAL EN MAGDALENA CONTRERAS,MC-2,UI-3CD
FADEINENDSASYYENMADEPNUAAA33CNDO33CD,FISCALÃA DE INVESTIGACIÃN EN DELITOS AMBIENTALES Y EN MATERIA DE PROTECCIÃN URBANA,A,3 CON DETENIDO 3 C/D
FADEINDEDSSSF2F3,FISCALÃA DE INVESTIGACIÃN DE DELITOS SEXUALES,FDS-2,FDS-2-03
"FADEINDEDSCSENAODEN,NSYYASAAUD","FISCALÃA DE INVESTIGACIÃN DE DELITOS COMETIDOS EN AGRAVIO DE NIÃAS, NIÃOS Y ADOLESCENTES",A,UI-6SD
FADEINDLDODEVAFRCP33SNDO,FISCALÃA DE INVESTIGACIÃN DEL DELITO DE VIOLENCIA FAMILIAR,CJM-TLP,3 SIN DETENIDO
FADEINTLENTCT2UD,FISCALÃA DE INVESTIGACIÃN TERRITORIAL EN TLÃHUAC,TLH-2,UI-3CD
FADEINTLENCCC4UD,FISCALÃA DE INVESTIGACIÃN TERRITORIAL EN CUAUHTÃMOC,CUH-4,UI-3SD
FADEINTLENCCC5UD,FISCALÃA DE INVESTIGACIÃN TERRITORIAL EN CUAUHTÃMOC,CUH-5,UI-3SD
FADEINTLENXOX2UD,FISCALÃA DE INVESTIGACIÃN TERRITORIAL EN XOCHIMILCO,XO-2,UI-3CD
FADEINTLENVOCAV3UD,FISCALÃA DE INVESTIGACIÃN TERRITORIAL EN VENUSTIANO CARRANZA,VC-3,UI-3CD
"FADEINDEDSCSENAODEN,NSYYAS59UD","FISCALÃA DE INVESTIGACIÃN DE DELITOS COMETIDOS EN AGRAVIO DE NIÃAS, NIÃOS Y ADOLESCENTES",59,UI-3CD
FADEINDLDODEVAFRCP33SNDO,FISCALÃA DE INVESTIGACIÃN DEL DELITO DE VIOLENCIA FAMILIAR,CJM-IZP,3 SIN DETENIDO
FADEINDLDODENOADUD,FISCALÃA DE INVESTIGACIÃN DEL DELITO DE NARCOMENUDEO,ACD,UI-3CD
FADEINTLENIOI3UD,FISCALÃA DE INVESTIGACIÃN TERRITORIAL EN IZTACALCO,IZC-3,UI-3CD
FADEINDLDODENOAPUD,FISCALÃA DE INVESTIGACIÃN DEL DELITO DE NARCOMENUDEO,AOP,UI-2CD
FADEINTLENMLHOM5UD,FISCALÃA DE INVESTIGACIÃN TERRITORIAL EN MIGUEL HIDALGO,MH-5,UI-3CD
FADEINEACLAIUD,FISCALÃA DE INVESTIGACIÃN ESTRATÃGICA CENTRAL,ACI,UI-3CD
"FADEINDEDSCSENAODEN,NSYYASAAA8SNDOÂÂÂÂÂÂ","FISCALÃA DE INVESTIGACIÃN DE DELITOS COMETIDOS EN AGRAVIO DE NIÃAS, NIÃOS Y ADOLESCENTES",A,A-8 SIN DETENIDO Â  Â  Â 
FADEINTLENGOA.MOG2UD,FISCALÃA DE INVESTIGACIÃN TERRITORIAL EN GUSTAVO A. MADERO,GAM-2,UI-1CD
FADEINTLENMACSM2UD,FISCALÃA DE INVESTIGACIÃN TERRITORIAL EN MAGDALENA CONTRERAS,MC-2,UI-1CD
FADEINDEDSSSF3F1,FISCALÃA DE INVESTIGACIÃN DE DELITOS SEXUALES,FDS-3,FDS-3-01
FADEINTLENCCC5UD,FISCALÃA DE INVESTIGACIÃN TERRITORIAL EN CUAUHTÃMOC,CUH-5,UI-1SD
"FADEINDEDSCSENAODEN,NSYYASDDD6SNDO","FISCALÃA DE INVESTIGACIÃN DE DELITOS COMETIDOS EN AGRAVIO DE NIÃAS, NIÃOS Y ADOLESCENTES",D,D-6 SIN DETENIDO
FADEINTLENVOCABB22SNDO,FISCALÃA DE INVESTIGACIÃN TERRITORIAL EN VENUSTIANO CARRANZA,B,2 SIN DETENIDO
FADEINDEDSSSF6F1,FISCALÃA DE INVESTIGACIÃN DE DELITOS SEXUALES,FDS-6,FDS-6-01
FADEINEADLDODERODEVSYYTEOIUD,FISCALÃA DE INVESTIGACIÃN ESTRATÃGICA DEL DELITO DE ROBO DE VEHÃCULOS Y TRANSPORTE,ORIENTEII,UI-1CD
FADEINEACLAIUD,FISCALÃA DE INVESTIGACIÃN ESTRATÃGICA CENTRAL,ACI,UI-1CD
FADEINTLENCNCUUD,FISCALÃA DE INVESTIGACIÃN TERRITORIAL EN COYOACÃN,CU,UI-1SD
FADEINDLDODEVAFRCP11SNDO,FISCALÃA DE INVESTIGACIÃN DEL DELITO DE VIOLENCIA FAMILIAR,CJM-TLP,1 SIN DETENIDO
FADEINDLDODENOADUD,FISCALÃA DE INVESTIGACIÃN DEL DELITO DE NARCOMENUDEO,ACD,UI-1CD
FADEINTLENVOCAARUD,FISCALÃA DE INVESTIGACIÃN TERRITORIAL EN VENUSTIANO CARRANZA,AER,UI-1CD
FADEINDEASRSCCUD,FISCALÃA DE INVESTIGACIÃN DE ASUNTOS RELEVANTES,C,UI-1CD
FADEINYYPNDELSDSENMADEDNFADEPSYYLADNCAPRPSYYBADEPSDSCC11CNDO,FISCALÃA DE INVESTIGACIÃN Y PERSECUCIÃN DE LOS DELITOS EN MATERIA DE DESAPARICIÃN FORZADA DE PERSONAS Y LA DESAPARICIÃN COMETIDA POR PARTICULARES Y BÃSQUEDA DE PERSONAS DESAPARECIDAS,C,1 CON DETENIDO
FADEINENDSASYYENMADEPNUAAA22CNDO22CD,FISCALÃA DE INVESTIGACIÃN EN DELITOS AMBIENTALES Y EN MATERIA DE PROTECCIÃN URBANA,A,2 CON DETENIDO 2 C/D
FADEINDLDODESOEE22CNDO22CD,FISCALÃA DE INVESTIGACIÃN DEL DELITO DE SECUESTRO,E,2 CON DETENIDO 2 C/D
"FADEINDEDSCSENAODEN,NSYYASAAA7SNDOÂÂÂÂÂÂ","FISCALÃA DE INVESTIGACIÃN DE DELITOS COMETIDOS EN AGRAVIO DE NIÃAS, NIÃOS Y ADOLESCENTES",A,A-7 SIN DETENIDO Â  Â  Â 
FADEINEADLDODERODEVSYYTEROUD,FISCALÃA DE INVESTIGACIÃN ESTRATÃGICA DEL DELITO DE ROBO DE VEHÃCULOS Y TRANSPORTE,REZAGO,UI-1SD
"FADEINDEDSCSENAODEN,NSYYASCCUD","FISCALÃA DE INVESTIGACIÃN DE DELITOS COMETIDOS EN AGRAVIO DE NIÃAS, NIÃOS Y ADOLESCENTES",C,UI-3SD
FADEINTLENTCT2UD,FISCALÃA DE INVESTIGACIÃN TERRITORIAL EN TLÃHUAC,TLH-2,UI-2CD
FADEINDLDODEVAFR75UD,FISCALÃA DE INVESTIGACIÃN DEL DELITO DE VIOLENCIA FAMILIAR,75,UI-2CD
"FADEINDEDSCSENAODEN,NSYYASBBB1SNDO","FISCALÃA DE INVESTIGACIÃN DE DELITOS COMETIDOS EN AGRAVIO DE NIÃAS, NIÃOS Y ADOLESCENTES",B,B-1 SIN DETENIDO
FADEINDEDSCSENAODEGSDEANPAG1UddeinLD,FISCALÃA DE INVESTIGACIÃN DE DELITOS COMETIDOS EN AGRAVIO DE GRUPOS DE ATENCIÃN PRIORITARIA,GAP1,Unidad de investigaciÃ³n LGBT-S/D
FADEPSENJSCS74Uddein77SD,FISCALÃA DE PROCESOS EN JUZGADOS CIVILES,74,Unidad de investigaciÃ³n 7 S/D
FADEINEACLAIUD,FISCALÃA DE INVESTIGACIÃN ESTRATÃGICA CENTRAL,ACI,UI-1SD
FADEINTLENIAI3UD,FISCALÃA DE INVESTIGACIÃN TERRITORIAL EN IZTAPALAPA,IZP-3,UI-1SD
"FADEINDEDSCSENAODEN,NSYYASDDUddeinD7","FISCALÃA DE INVESTIGACIÃN DE DELITOS COMETIDOS EN AGRAVIO DE NIÃAS, NIÃOS Y ADOLESCENTES",D,Unidad de investigaciÃ³n D-7
FADEINEACLAIUD,FISCALÃA DE INVESTIGACIÃN ESTRATÃGICA CENTRAL,ACI,UI-2CD
"FADEINDEDSCSENAODEN,NSYYASCCUD","FISCALÃA DE INVESTIGACIÃN DE DELITOS COMETIDOS EN AGRAVIO DE NIÃAS, NIÃOS Y ADOLESCENTES",C,UI-1SD
FADEINTLENVOCAT2UD,FISCALÃA DE INVESTIGACIÃN TERRITORIAL EN VENUSTIANO CARRANZA,TUR-2,UI-3CD
FADEINTLENTCT1UD,FISCALÃA DE INVESTIGACIÃN TERRITORIAL EN TLÃHUAC,TLH-1,UI-3CD
FADEINTLENCCAAUD11SNDO,FISCALÃA DE INVESTIGACIÃN TERRITORIAL EN CUAUHTÃMOC,A,UNIDAD 1 SIN DETENIDO
FADEINTLENXOX2UD,FISCALÃA DE INVESTIGACIÃN TERRITORIAL EN XOCHIMILCO,XO-2,UI-1CD
FADEINDLDODEVAFR75UD,FISCALÃA DE INVESTIGACIÃN DEL DELITO DE VIOLENCIA FAMILIAR,75,UI-1CD
FADEINDEDSCSENAODEGSDEANPAG2UddeinLD,FISCALÃA DE INVESTIGACIÃN DE DELITOS COMETIDOS EN AGRAVIO DE GRUPOS DE ATENCIÃN PRIORITARIA,GAP2,Unidad de investigaciÃ³n LGBT-C/D
FADEINDLDODENOAPUD,FISCALÃA DE INVESTIGACIÃN DEL DELITO DE NARCOMENUDEO,AOP,UI-3CD
"FADEINDEDSCSENAODEN,NSYYASCCUD","FISCALÃA DE INVESTIGACIÃN DE DELITOS COMETIDOS EN AGRAVIO DE NIÃAS, NIÃOS Y ADOLESCENTES",C,UI-2SD
FADEINDLDODESOAAUd44,FISCALÃA DE INVESTIGACIÃN DEL DELITO DE SECUESTRO,A,Unidad 4
"FADEINDEDSCSENAODEN,NSYYASCCUD","FISCALÃA DE INVESTIGACIÃN DE DELITOS COMETIDOS EN AGRAVIO DE NIÃAS, NIÃOS Y ADOLESCENTES",C,UI-5SD
FADEINEADLDODERODEVSYYTEIIUD,FISCALÃA DE INVESTIGACIÃN ESTRATÃGICA DEL DELITO DE ROBO DE VEHÃCULOS Y TRANSPORTE,IRRII,UI-1SD
FADEINDLDODEVAFR75UD,FISCALÃA DE INVESTIGACIÃN DEL DELITO DE VIOLENCIA FAMILIAR,75,UI-3CD
FADEINTLENCCSVUD,FISCALÃA DE INVESTIGACIÃN TERRITORIAL EN CUAUHTÃMOC,STCMZV,UI-3CD
FADEINTLENCCSBUddeIn11CD,FISCALÃA DE INVESTIGACIÃN TERRITORIAL EN CUAUHTÃMOC,SCTPPMB,Unidad de InvestigaciÃ³n 1 C/D
FADEINYYPNDELSDSENMADEDNFADEPSYYLADNCAPRPSYYBADEPSDSDDUD,FISCALÃA DE INVESTIGACIÃN Y PERSECUCIÃN DE LOS DELITOS EN MATERIA DE DESAPARICIÃN FORZADA DE PERSONAS Y LA DESAPARICIÃN COMETIDA POR PARTICULARES Y BÃSQUEDA DE PERSONAS DESAPARECIDAS,D,UI-2SD
FADEINDEASRSAAUddein77SD,FISCALÃA DE INVESTIGACIÃN DE ASUNTOS RELEVANTES,A,Unidad de investigaciÃ³n 7 S/D
FADEINTLENCCSSUD,FISCALÃA DE INVESTIGACIÃN TERRITORIAL EN CUAUHTÃMOC,STCMTS,UI-1SD
FADEINDLDODEVAFRCP11SNDO,FISCALÃA DE INVESTIGACIÃN DEL DELITO DE VIOLENCIA FAMILIAR,CJM-IZP,1 SIN DETENIDO
"FADEINDEDSCSENAODEN,NSYYASCCUddeinC6","FISCALÃA DE INVESTIGACIÃN DE DELITOS COMETIDOS EN AGRAVIO DE NIÃAS, NIÃOS Y ADOLESCENTES",C,Unidad de investigaciÃ³n C-6
FAEAPALAANDEDSESAAUD,"FISCALÃA ESPECIALIZADA PARA LA ATENCIÃN DE DELITOS ELECTORALES

",A,UI-1SD
FADEINTLENCNC3UD,FISCALÃA DE INVESTIGACIÃN TERRITORIAL EN COYOACÃN,COY-3,UI-1SD
FADEINEADLDODERODEVSYYTEOIUD,FISCALÃA DE INVESTIGACIÃN ESTRATÃGICA DEL DELITO DE ROBO DE VEHÃCULOS Y TRANSPORTE,ORIENTEII,UI-4SD
FADEINTLENTCT1UD,FISCALÃA DE INVESTIGACIÃN TERRITORIAL EN TLÃHUAC,TLH-1,UI-1CD
FADEINDEASRSBBUD,FISCALÃA DE INVESTIGACIÃN DE ASUNTOS RELEVANTES,B,UI-2SD
FADEINDEASRSAAUD,FISCALÃA DE INVESTIGACIÃN DE ASUNTOS RELEVANTES,A,UI-6SD
FADEINDEASRSAAUddein99SD,FISCALÃA DE INVESTIGACIÃN DE ASUNTOS RELEVANTES,A,Unidad de investigaciÃ³n 9 S/D
FADEINTLENTCU2nn,FISCALÃA DE INVESTIGACIÃN TERRITORIAL EN TLÃHUAC,UAT-TLH-2,
FADEINDLDODEVAFR75UD,FISCALÃA DE INVESTIGACIÃN DEL DELITO DE VIOLENCIA FAMILIAR,75,UI-6SD
"FADEINDEDSCSENAODEN,NSYYASCCUddeinC8","FISCALÃA DE INVESTIGACIÃN DE DELITOS COMETIDOS EN AGRAVIO DE NIÃAS, NIÃOS Y ADOLESCENTES",C,Unidad de investigaciÃ³n C-8
FADEINTLENTCU122SNDO,FISCALÃA DE INVESTIGACIÃN TERRITORIAL EN TLÃHUAC,UAT-TLH-1,2 SIN DETENIDO
FADEINTLENCNCUUD,FISCALÃA DE INVESTIGACIÃN TERRITORIAL EN COYOACÃN,CU,UI-3SD
FAEAPALAINDLDODEFODDUD,FISCALÃA ESPECIALIZADA PARA LA INVESTIGACIÃN DEL DELITO DE FEMINICIDIO,D,UI-3SD
"FADEINDEDSCSENAODEN,NSYYASDDUD","FISCALÃA DE INVESTIGACIÃN DE DELITOS COMETIDOS EN AGRAVIO DE NIÃAS, NIÃOS Y ADOLESCENTES",D,UI-2SD
FADEINTLENCCSBUddeIn33CD,FISCALÃA DE INVESTIGACIÃN TERRITORIAL EN CUAUHTÃMOC,SCTPPMB,Unidad de InvestigaciÃ³n 3 C/D
FADEINTLENTCU133SNDO,FISCALÃA DE INVESTIGACIÃN TERRITORIAL EN TLÃHUAC,UAT-TLH-1,3 SIN DETENIDO
FADEINTLENIAI2UD,FISCALÃA DE INVESTIGACIÃN TERRITORIAL EN IZTAPALAPA,IZP-2,UI-1SD
FADEINTLENCCC5UddeinCO,FISCALÃA DE INVESTIGACIÃN TERRITORIAL EN CUAUHTÃMOC,CUH-5,Unidad de investigaciÃ³n CANACO
FADEINDLDODENOAPUD,FISCALÃA DE INVESTIGACIÃN DEL DELITO DE NARCOMENUDEO,AOP,UI-1CD
"FADEINDEDSCSENAODEN,NSYYASCCUddeinC7","FISCALÃA DE INVESTIGACIÃN DE DELITOS COMETIDOS EN AGRAVIO DE NIÃAS, NIÃOS Y ADOLESCENTES",C,Unidad de investigaciÃ³n C-7
FADEINTLENCCSPUD,FISCALÃA DE INVESTIGACIÃN TERRITORIAL EN CUAUHTÃMOC,STCMP,UI-3CD
FADEINTLENCCSVUD,FISCALÃA DE INVESTIGACIÃN TERRITORIAL EN CUAUHTÃMOC,STCMZV,UI-1CD
FADEINTLENCCSPUD,FISCALÃA DE INVESTIGACIÃN TERRITORIAL EN CUAUHTÃMOC,STCMP,UI-1CD
FADEINTLENVOCABB11SNDO,FISCALÃA DE INVESTIGACIÃN TERRITORIAL EN VENUSTIANO CARRANZA,B,1 SIN DETENIDO
FADEINTLENCCSPUD,FISCALÃA DE INVESTIGACIÃN TERRITORIAL EN CUAUHTÃMOC,STCMP,UI-1SD
FADEINDEASRSCCUD,FISCALÃA DE INVESTIGACIÃN DE ASUNTOS RELEVANTES,C,UI-2CD
FADEINTLENTCT1UD,FISCALÃA DE INVESTIGACIÃN TERRITORIAL EN TLÃHUAC,TLH-1,UI-2CD
FADEINYYPNDELSDSENMADEDNFADEPSYYLADNCAPRPSYYBADEPSDSBB11SNDO,FISCALÃA DE INVESTIGACIÃN Y PERSECUCIÃN DE LOS DELITOS EN MATERIA DE DESAPARICIÃN FORZADA DE PERSONAS Y LA DESAPARICIÃN COMETIDA POR PARTICULARES Y BÃSQUEDA DE PERSONAS DESAPARECIDAS,B,1 SIN DETENIDO
FADEINTLENIAI2UD,FISCALÃA DE INVESTIGACIÃN TERRITORIAL EN IZTAPALAPA,IZP-2,UI-4SD
FADEINTLENVOCAT2UD,FISCALÃA DE INVESTIGACIÃN TERRITORIAL EN VENUSTIANO CARRANZA,TUR-2,UI-1CD
"FADEINDEDSCSENAODEN,NSYYASAAUD","FISCALÃA DE INVESTIGACIÃN DE DELITOS COMETIDOS EN AGRAVIO DE NIÃAS, NIÃOS Y ADOLESCENTES",A,UI-2SD
"FADEINDEDSCSENAODEN,NSYYASDDUddeinD8","FISCALÃA DE INVESTIGACIÃN DE DELITOS COMETIDOS EN AGRAVIO DE NIÃAS, NIÃOS Y ADOLESCENTES",D,Unidad de investigaciÃ³n D-8
FADEINTLENCCSPUD,FISCALÃA DE INVESTIGACIÃN TERRITORIAL EN CUAUHTÃMOC,STCMP,UI-2CD
FADEINDLDODESOCCUd15,FISCALÃA DE INVESTIGACIÃN DEL DELITO DE SECUESTRO,C,Unidad 15
FADEINTLENVOCAARUD,FISCALÃA DE INVESTIGACIÃN TERRITORIAL EN VENUSTIANO CARRANZA,AER,UI-2CD
FADEINDLDODESOBBUd88,FISCALÃA DE INVESTIGACIÃN DEL DELITO DE SECUESTRO,B,Unidad 8
FADEINTLENCCSBUddeIn22CD,FISCALÃA DE INVESTIGACIÃN TERRITORIAL EN CUAUHTÃMOC,SCTPPMB,Unidad de InvestigaciÃ³n 2 C/D
FADEINDEASRSCCUD,FISCALÃA DE INVESTIGACIÃN DE ASUNTOS RELEVANTES,C,UI-3CD
"FADEINDEDSCSENAODEN,NSYYASDDUD","FISCALÃA DE INVESTIGACIÃN DE DELITOS COMETIDOS EN AGRAVIO DE NIÃAS, NIÃOS Y ADOLESCENTES",D,UI-1SD
FADEINDLDODESOBBUd77,FISCALÃA DE INVESTIGACIÃN DEL DELITO DE SECUESTRO,B,Unidad 7
FADEINDEASRSAAUddein10SD,FISCALÃA DE INVESTIGACIÃN DE ASUNTOS RELEVANTES,A,Unidad de investigaciÃ³n 10 S/D
FADEINYYPNDELSDSENMADEDNFADEPSYYLADNCAPRPSYYBADEPSDSAAUD,FISCALÃA DE INVESTIGACIÃN Y PERSECUCIÃN DE LOS DELITOS EN MATERIA DE DESAPARICIÃN FORZADA DE PERSONAS Y LA DESAPARICIÃN COMETIDA POR PARTICULARES Y BÃSQUEDA DE PERSONAS DESAPARECIDAS,A,UI-6SD
FADEINDEASRSAAUddein88SD,FISCALÃA DE INVESTIGACIÃN DE ASUNTOS RELEVANTES,A,Unidad de investigaciÃ³n 8 S/D
FADEINTLENAOU4nn,FISCALÃA DE INVESTIGACIÃN TERRITORIAL EN AZCAPOTZALCO,UAT-AZ-4,
FADEINYYPNDELSDSENMADEDNFADEPSYYLADNCAPRPSYYBADEPSDSBB22SNDO,FISCALÃA DE INVESTIGACIÃN Y PERSECUCIÃN DE LOS DELITOS EN MATERIA DE DESAPARICIÃN FORZADA DE PERSONAS Y LA DESAPARICIÃN COMETIDA POR PARTICULARES Y BÃSQUEDA DE PERSONAS DESAPARECIDAS,B,2 SIN DETENIDO
FADEINDLDODESOBBUd99,FISCALÃA DE INVESTIGACIÃN DEL DELITO DE SECUESTRO,B,Unidad 9
FADEINDEASRSAAUD,FISCALÃA DE INVESTIGACIÃN DE ASUNTOS RELEVANTES,A,UI-5SD
FADEINDEASRSAAUddein11SD,FISCALÃA DE INVESTIGACIÃN DE ASUNTOS RELEVANTES,A,Unidad de investigaciÃ³n 11 S/D
FADEINEADLDODERODEVSYYTE56UD,FISCALÃA DE INVESTIGACIÃN ESTRATÃGICA DEL DELITO DE ROBO DE VEHÃCULOS Y TRANSPORTE,56,UI-1SD
"FADEINDEDSCSENAODEN,NSYYASDDUD","FISCALÃA DE INVESTIGACIÃN DE DELITOS COMETIDOS EN AGRAVIO DE NIÃAS, NIÃOS Y ADOLESCENTES",D,UI-5SD
FADEINDLDODESOAAUd11,FISCALÃA DE INVESTIGACIÃN DEL DELITO DE SECUESTRO,A,Unidad 1
"FADEINDEDSCSENAODEN,NSYYASAAUD","FISCALÃA DE INVESTIGACIÃN DE DELITOS COMETIDOS EN AGRAVIO DE NIÃAS, NIÃOS Y ADOLESCENTES",A,UI-1SD
FADEINDLDODENOADUD,FISCALÃA DE INVESTIGACIÃN DEL DELITO DE NARCOMENUDEO,ASD,UI-2SD
FADEINDEDSCSENAODEGSDEANPAG4UddeinA1CD,FISCALÃA DE INVESTIGACIÃN DE DELITOS COMETIDOS EN AGRAVIO DE GRUPOS DE ATENCIÃN PRIORITARIA,GAP4,Unidad de investigaciÃ³n AM-1 C/D
FADEINYYPNDELSDSENMADEDNFADEPSYYLADNCAPRPSYYBADEPSDSAA11SNDO,FISCALÃA DE INVESTIGACIÃN Y PERSECUCIÃN DE LOS DELITOS EN MATERIA DE DESAPARICIÃN FORZADA DE PERSONAS Y LA DESAPARICIÃN COMETIDA POR PARTICULARES Y BÃSQUEDA DE PERSONAS DESAPARECIDAS,A,1 SIN DETENIDO
FADEINYYPNDELSDSENMADEDNFADEPSYYLADNCAPRPSYYBADEPSDSCC22CNDO,FISCALÃA DE INVESTIGACIÃN Y PERSECUCIÃN DE LOS DELITOS EN MATERIA DE DESAPARICIÃN FORZADA DE PERSONAS Y LA DESAPARICIÃN COMETIDA POR PARTICULARES Y BÃSQUEDA DE PERSONAS DESAPARECIDAS,C,2 CON DETENIDO
FADEINDLDODESOAAUd22,FISCALÃA DE INVESTIGACIÃN DEL DELITO DE SECUESTRO,A,Unidad 2
FADEINDEDSCSENAODEGSDEANPAG3UddeinID,FISCALÃA DE INVESTIGACIÃN DE DELITOS COMETIDOS EN AGRAVIO DE GRUPOS DE ATENCIÃN PRIORITARIA,GAP3,Unidad de investigaciÃ³n IND-C/D
"FADEINDEDSCSENAODEN,NSYYASDDUD","FISCALÃA DE INVESTIGACIÃN DE DELITOS COMETIDOS EN AGRAVIO DE NIÃAS, NIÃOS Y ADOLESCENTES",D,UI-4SD
FADEINYYPNDELSDSENMADEDNFADEPSYYLADNCAPRPSYYBADEPSDSDDUD,FISCALÃA DE INVESTIGACIÃN Y PERSECUCIÃN DE LOS DELITOS EN MATERIA DE DESAPARICIÃN FORZADA DE PERSONAS Y LA DESAPARICIÃN COMETIDA POR PARTICULARES Y BÃSQUEDA DE PERSONAS DESAPARECIDAS,D,UI-1SD
FADEINDLDODESOCCUd11,FISCALÃA DE INVESTIGACIÃN DEL DELITO DE SECUESTRO,C,Unidad 11
FADEINYYPNDELSDSENMADEDNFADEPSYYLADNCAPRPSYYBADEPSDSBB33SNDO,FISCALÃA DE INVESTIGACIÃN Y PERSECUCIÃN DE LOS DELITOS EN MATERIA DE DESAPARICIÃN FORZADA DE PERSONAS Y LA DESAPARICIÃN COMETIDA POR PARTICULARES Y BÃSQUEDA DE PERSONAS DESAPARECIDAS,B,3 SIN DETENIDO
FADEINYYPNDELSDSENMADEDNFADEPSYYLADNCAPRPSYYBADEPSDSCC33CNDO,FISCALÃA DE INVESTIGACIÃN Y PERSECUCIÃN DE LOS DELITOS EN MATERIA DE DESAPARICIÃN FORZADA DE PERSONAS Y LA DESAPARICIÃN COMETIDA POR PARTICULARES Y BÃSQUEDA DE PERSONAS DESAPARECIDAS,C,3 CON DETENIDO
FADEINYYPNDELSDSENMADEDNFADEPSYYLADNCAPRPSYYBADEPSDSAA33SNDO,FISCALÃA DE INVESTIGACIÃN Y PERSECUCIÃN DE LOS DELITOS EN MATERIA DE DESAPARICIÃN FORZADA DE PERSONAS Y LA DESAPARICIÃN COMETIDA POR PARTICULARES Y BÃSQUEDA DE PERSONAS DESAPARECIDAS,A,3 SIN DETENIDO
FADEINTLENCCSHUD,FISCALÃA DE INVESTIGACIÃN TERRITORIAL EN CUAUHTÃMOC,STCMH,UI-1CD
FADEINDEASRSAAUddein12SD,FISCALÃA DE INVESTIGACIÃN DE ASUNTOS RELEVANTES,A,Unidad de investigaciÃ³n 12 S/D
FADEINDEDSCSENAODEGSDEANPAG5UddeinA2SD,FISCALÃA DE INVESTIGACIÃN DE DELITOS COMETIDOS EN AGRAVIO DE GRUPOS DE ATENCIÃN PRIORITARIA,GAP5,Unidad de investigaciÃ³n AM-2 S/D
FADEINDEASRSBBUddein17SD,FISCALÃA DE INVESTIGACIÃN DE ASUNTOS RELEVANTES,B,Unidad de investigaciÃ³n 17 S/D
FADEINTLENCCC2UD,FISCALÃA DE INVESTIGACIÃN TERRITORIAL EN CUAUHTÃMOC,CUH-2,UI-4SD
FADEINDLDODESOAAUd33,FISCALÃA DE INVESTIGACIÃN DEL DELITO DE SECUESTRO,A,Unidad 3
FADEINTLENAOU4UD,FISCALÃA DE INVESTIGACIÃN TERRITORIAL EN AZCAPOTZALCO,UAT-AZ-4,UI-2SD
FADEINTLENTCU2UD,FISCALÃA DE INVESTIGACIÃN TERRITORIAL EN TLÃHUAC,UAT-TLH-2,UI-2SD
FADEINTLENCNCUUD,FISCALÃA DE INVESTIGACIÃN TERRITORIAL EN COYOACÃN,CU,UI-2SD
FADEINDLDODESODDUd16,FISCALÃA DE INVESTIGACIÃN DEL DELITO DE SECUESTRO,D,Unidad 16
FADEINTLENCCAAUD22SNDO,FISCALÃA DE INVESTIGACIÃN TERRITORIAL EN CUAUHTÃMOC,A,UNIDAD 2 SIN DETENIDO
FADEINTLENAOU4UD,FISCALÃA DE INVESTIGACIÃN TERRITORIAL EN AZCAPOTZALCO,UAT-AZ-4,UI-3SD
FADEINTLENVOCAV1UD,FISCALÃA DE INVESTIGACIÃN TERRITORIAL EN VENUSTIANO CARRANZA,VC-1,UI-2SD
FADEINTLENTCU2UD,FISCALÃA DE INVESTIGACIÃN TERRITORIAL EN TLÃHUAC,UAT-TLH-2,UI-3SD
FADEINDLDODESODDUd17,FISCALÃA DE INVESTIGACIÃN DEL DELITO DE SECUESTRO,D,Unidad 17
FADEINDLDODEVAFR75UD,FISCALÃA DE INVESTIGACIÃN DEL DELITO DE VIOLENCIA FAMILIAR,75,UI-2SD
FADEINDLDODESODDUd19,FISCALÃA DE INVESTIGACIÃN DEL DELITO DE SECUESTRO,D,Unidad 19
FADEINDEASRSBBUddein10SD,FISCALÃA DE INVESTIGACIÃN DE ASUNTOS RELEVANTES,B,Unidad de investigaciÃ³n 10 S/D
FADEINDEASRSBBUddein88SD,FISCALÃA DE INVESTIGACIÃN DE ASUNTOS RELEVANTES,B,Unidad de investigaciÃ³n 8 S/D
FADEINDLDODESOBBUd10,FISCALÃA DE INVESTIGACIÃN DEL DELITO DE SECUESTRO,B,Unidad 10
FADEINTLENCNU3UD,FISCALÃA DE INVESTIGACIÃN TERRITORIAL EN COYOACÃN,UAT-COY-3,UI-1SD
FADEINYYPNDELSDSENMADEDNFADEPSYYLADNCAPRPSYYBADEPSDSAA44SNDO,FISCALÃA DE INVESTIGACIÃN Y PERSECUCIÃN DE LOS DELITOS EN MATERIA DE DESAPARICIÃN FORZADA DE PERSONAS Y LA DESAPARICIÃN COMETIDA POR PARTICULARES Y BÃSQUEDA DE PERSONAS DESAPARECIDAS,A,4 SIN DETENIDO
FADEINDEASRSBBUddein12SD,FISCALÃA DE INVESTIGACIÃN DE ASUNTOS RELEVANTES,B,Unidad de investigaciÃ³n 12 S/D
FADEINDEASRSAAUD,FISCALÃA DE INVESTIGACIÃN DE ASUNTOS RELEVANTES,A,UI-2SD
FADEINDEASRSBBUD,FISCALÃA DE INVESTIGACIÃN DE ASUNTOS RELEVANTES,B,UI-3SD
FADEINDLDODESODDUd18,FISCALÃA DE INVESTIGACIÃN DEL DELITO DE SECUESTRO,D,Unidad 18
FADEINTLENIAI8UD,FISCALÃA DE INVESTIGACIÃN TERRITORIAL EN IZTAPALAPA,IZP-8,UI-5SD
FADEINYYPNDELSDSENMADEDNFADEPSYYLADNCAPRPSYYBADEPSDSAA55SNDO,FISCALÃA DE INVESTIGACIÃN Y PERSECUCIÃN DE LOS DELITOS EN MATERIA DE DESAPARICIÃN FORZADA DE PERSONAS Y LA DESAPARICIÃN COMETIDA POR PARTICULARES Y BÃSQUEDA DE PERSONAS DESAPARECIDAS,A,5 SIN DETENIDO
FADEINDEDSCSENAODEGSDEANPAG5UddeinA1SD,FISCALÃA DE INVESTIGACIÃN DE DELITOS COMETIDOS EN AGRAVIO DE GRUPOS DE ATENCIÃN PRIORITARIA,GAP5,Unidad de investigaciÃ³n AM-1 S/D
FADEINTLENVOCAT1UD,FISCALÃA DE INVESTIGACIÃN TERRITORIAL EN VENUSTIANO CARRANZA,TUR-1,UI-1CD
FADEINDEDSSSF1F4,FISCALÃA DE INVESTIGACIÃN DE DELITOS SEXUALES,FDS-1,FDS-1-04
FADEINTLENVOCAU5UD,FISCALÃA DE INVESTIGACIÃN TERRITORIAL EN VENUSTIANO CARRANZA,UAT-VC-5,UI-1SD
FADEINDLDODESOBBUd66,FISCALÃA DE INVESTIGACIÃN DEL DELITO DE SECUESTRO,B,Unidad 6
FADEINTLENMACSU111SNDO,FISCALÃA DE INVESTIGACIÃN TERRITORIAL EN MAGDALENA CONTRERAS,UAT-MC-1,1 SIN DETENIDO
FADEINYYPNDELSDSENMADEDNFADEPSYYLADNCAPRPSYYBADEPSDSBB44SNDO,FISCALÃA DE INVESTIGACIÃN Y PERSECUCIÃN DE LOS DELITOS EN MATERIA DE DESAPARICIÃN FORZADA DE PERSONAS Y LA DESAPARICIÃN COMETIDA POR PARTICULARES Y BÃSQUEDA DE PERSONAS DESAPARECIDAS,B,4 SIN DETENIDO
FADEINDEASRSBBUD,FISCALÃA DE INVESTIGACIÃN DE ASUNTOS RELEVANTES,B,UI-4SD
FADEINTLENVOCAV3UD,FISCALÃA DE INVESTIGACIÃN TERRITORIAL EN VENUSTIANO CARRANZA,VC-3,UI-1SD
FADEINDEASRSBBUD,FISCALÃA DE INVESTIGACIÃN DE ASUNTOS RELEVANTES,B,UI-5SD
FADEINTLENIAU522SNDO,FISCALÃA DE INVESTIGACIÃN TERRITORIAL EN IZTAPALAPA,UAT-IZP-5,2 SIN DETENIDO
FADEINTLENVOCAARUD,FISCALÃA DE INVESTIGACIÃN TERRITORIAL EN VENUSTIANO CARRANZA,AER,UI-3CD
FADEINTLENIAI8UD,FISCALÃA DE INVESTIGACIÃN TERRITORIAL EN IZTAPALAPA,IZP-8,UI-2SD
FADEINDLDODESOCCUd14,FISCALÃA DE INVESTIGACIÃN DEL DELITO DE SECUESTRO,C,Unidad 14
FADEINDLDODESOCCUd12,FISCALÃA DE INVESTIGACIÃN DEL DELITO DE SECUESTRO,C,Unidad 12
FADEINDLDODESODDUd20,FISCALÃA DE INVESTIGACIÃN DEL DELITO DE SECUESTRO,D,Unidad 20
FADEINTLENIOI144SNDO44SD,FISCALÃA DE INVESTIGACIÃN TERRITORIAL EN IZTACALCO,IZC-1,4 SIN DETENIDO 4 S/D
FADEINTLENIOI1UD,FISCALÃA DE INVESTIGACIÃN TERRITORIAL EN IZTACALCO,IZC-1,UI-3CD
FADEINTLENIOI1UD,FISCALÃA DE INVESTIGACIÃN TERRITORIAL EN IZTACALCO,IZC-1,UI-1SD
FADEINTLENBOJZB5UD,FISCALÃA DE INVESTIGACIÃN TERRITORIAL EN BENITO JUÃREZ,BJ-5,UI-1SD
FADEINTLENAOA1UD,FISCALÃA DE INVESTIGACIÃN TERRITORIAL EN AZCAPOTZALCO,AZ-1,UI-2CD
FADEPSENJSCS74UD,FISCALÃA DE PROCESOS EN JUZGADOS CIVILES,74,UI-2SD
FADEINDEDSSSF7F4,FISCALÃA DE INVESTIGACIÃN DE DELITOS SEXUALES,FDS-7,FDS-7-04
FADEINDEDSCSENAODEGSDEANPAGPUddeinLD,FISCALÃA DE INVESTIGACIÃN DE DELITOS COMETIDOS EN AGRAVIO DE GRUPOS DE ATENCIÃN PRIORITARIA,GAP,Unidad de investigaciÃ³n LGBT2C/D
FADEINDEASRSAAUD,FISCALÃA DE INVESTIGACIÃN DE ASUNTOS RELEVANTES,A,UI-4SD
FADEINDLDODENOAD66SNDO,FISCALÃA DE INVESTIGACIÃN DEL DELITO DE NARCOMENUDEO,ASD,6 SIN DETENIDO
FADEINDEDSCSENAODEGSDEANPAGPUddeinLD,FISCALÃA DE INVESTIGACIÃN DE DELITOS COMETIDOS EN AGRAVIO DE GRUPOS DE ATENCIÃN PRIORITARIA,GAP,Unidad de investigaciÃ³n LGBT3C/D
FADEINDEDSCSENAODEGSDEANPAGPUddeinLD,FISCALÃA DE INVESTIGACIÃN DE DELITOS COMETIDOS EN AGRAVIO DE GRUPOS DE ATENCIÃN PRIORITARIA,GAP,Unidad de investigaciÃ³n LGBT1C/D
FAEAPALAANDEDSESDDUD,"FISCALÃA ESPECIALIZADA PARA LA ATENCIÃN DE DELITOS ELECTORALES

",DES-D,UI-1SD
FADEINDLDODESOCCUd13,FISCALÃA DE INVESTIGACIÃN DEL DELITO DE SECUESTRO,C,Unidad 13
FADEINTLENIAI844SNDO,FISCALÃA DE INVESTIGACIÃN TERRITORIAL EN IZTAPALAPA,IZP-8,4 SIN DETENIDO
FADEINTLENCCSBUddeIn11SD,FISCALÃA DE INVESTIGACIÃN TERRITORIAL EN CUAUHTÃMOC,SCTPPMB,Unidad de InvestigaciÃ³n 1 S/D
FADEPSENJSCS74UD,FISCALÃA DE PROCESOS EN JUZGADOS CIVILES,74,UI-1SD
FADEINYYPNDELSDSENMADEDNFADEPSYYLADNCAPRPSYYBADEPSDSBB55SNDO,FISCALÃA DE INVESTIGACIÃN Y PERSECUCIÃN DE LOS DELITOS EN MATERIA DE DESAPARICIÃN FORZADA DE PERSONAS Y LA DESAPARICIÃN COMETIDA POR PARTICULARES Y BÃSQUEDA DE PERSONAS DESAPARECIDAS,B,5 SIN DETENIDO
FAEAPALAANDEDSESREUD,"FISCALÃA ESPECIALIZADA PARA LA ATENCIÃN DE DELITOS ELECTORALES

",RE,UI-1SD
FADEINTLENIAI666SNDO66SD,FISCALÃA DE INVESTIGACIÃN TERRITORIAL EN IZTAPALAPA,IZP-6,6 SIN DETENIDO  6 S/D
FAEAPALAANDEDSESVGUD,"FISCALÃA ESPECIALIZADA PARA LA ATENCIÃN DE DELITOS ELECTORALES

",VPG,UI-1SD
FADEINDEASRSBBUddein99SD,FISCALÃA DE INVESTIGACIÃN DE ASUNTOS RELEVANTES,B,Unidad de investigaciÃ³n 9 S/D
FAEAPALAANDEDSESDDUD,"FISCALÃA ESPECIALIZADA PARA LA ATENCIÃN DE DELITOS ELECTORALES

",DEC-D,UI-1CD
FADEINYYPNDELSDSENMADEDNFADEPSYYLADNCAPRPSYYBADEPSDSBBUD,FISCALÃA DE INVESTIGACIÃN Y PERSECUCIÃN DE LOS DELITOS EN MATERIA DE DESAPARICIÃN FORZADA DE PERSONAS Y LA DESAPARICIÃN COMETIDA POR PARTICULARES Y BÃSQUEDA DE PERSONAS DESAPARECIDAS,B,UI-6SD
FADEINDEASRSBBUddein77SD,FISCALÃA DE INVESTIGACIÃN DE ASUNTOS RELEVANTES,B,Unidad de investigaciÃ³n 7 S/D
FADEINYYPNDELSDSENMADEDNFADEPSYYLADNCAPRPSYYBADEPSDSAA22SNDO,FISCALÃA DE INVESTIGACIÃN Y PERSECUCIÃN DE LOS DELITOS EN MATERIA DE DESAPARICIÃN FORZADA DE PERSONAS Y LA DESAPARICIÃN COMETIDA POR PARTICULARES Y BÃSQUEDA DE PERSONAS DESAPARECIDAS,A,2 SIN DETENIDO
FADEINDEDSCSENAODEGSDEANPAGPUddeinA2SD,FISCALÃA DE INVESTIGACIÃN DE DELITOS COMETIDOS EN AGRAVIO DE GRUPOS DE ATENCIÃN PRIORITARIA,GAP,Unidad de investigaciÃ³n AM-2 S/D
FADEINTLENIAI9UD,FISCALÃA DE INVESTIGACIÃN TERRITORIAL EN IZTAPALAPA,IZP-9,UI-5SD
FADEINDLDODENOAPnn,FISCALÃA DE INVESTIGACIÃN DEL DELITO DE NARCOMENUDEO,AOP,
FADEINYYPNDELSDSENMADEDNFADEPSYYLADNCAPRPSYYBADEPSDSDDUD,FISCALÃA DE INVESTIGACIÃN Y PERSECUCIÃN DE LOS DELITOS EN MATERIA DE DESAPARICIÃN FORZADA DE PERSONAS Y LA DESAPARICIÃN COMETIDA POR PARTICULARES Y BÃSQUEDA DE PERSONAS DESAPARECIDAS,D,UI-3SD
FADEINDEDSCSENAODEGSDEANPAGPUddeinA1CD,FISCALÃA DE INVESTIGACIÃN DE DELITOS COMETIDOS EN AGRAVIO DE GRUPOS DE ATENCIÃN PRIORITARIA,GAP,Unidad de investigaciÃ³n AM-1 C/D
FADEINDEASRSDDUD,FISCALÃA DE INVESTIGACIÃN DE ASUNTOS RELEVANTES,D,UI-1SD
FADEINDEDSCSENAODEGSDEANPAGPUddeinA3SD,FISCALÃA DE INVESTIGACIÃN DE DELITOS COMETIDOS EN AGRAVIO DE GRUPOS DE ATENCIÃN PRIORITARIA,GAP,Unidad de investigaciÃ³n AM-3 S/D
FADEINDEDSCSENAODEGSDEANPAGPUddeinID,FISCALÃA DE INVESTIGACIÃN DE DELITOS COMETIDOS EN AGRAVIO DE GRUPOS DE ATENCIÃN PRIORITARIA,GAP,Unidad de investigaciÃ³n IND-2C/D
FADEINDEDSCSENAODEGSDEANPAGPUddeinID,FISCALÃA DE INVESTIGACIÃN DE DELITOS COMETIDOS EN AGRAVIO DE GRUPOS DE ATENCIÃN PRIORITARIA,GAP,Unidad de investigaciÃ³n IND-3C/D
FADEINDEASRSBBUddein13SD,FISCALÃA DE INVESTIGACIÃN DE ASUNTOS RELEVANTES,B,Unidad de investigaciÃ³n 13 S/D
FADEINDEDSCSENAODEGSDEANPAGPUddeinA2CD,FISCALÃA DE INVESTIGACIÃN DE DELITOS COMETIDOS EN AGRAVIO DE GRUPOS DE ATENCIÃN PRIORITARIA,GAP,Unidad de investigaciÃ³n AM-2 C/D
FADEINDEDSCSENAODEGSDEANPAGPUddeinA3CD,FISCALÃA DE INVESTIGACIÃN DE DELITOS COMETIDOS EN AGRAVIO DE GRUPOS DE ATENCIÃN PRIORITARIA,GAP,Unidad de investigaciÃ³n AM-3 C/D
FADEINDEDSCSENAODEGSDEANPAGPUddeinID,FISCALÃA DE INVESTIGACIÃN DE DELITOS COMETIDOS EN AGRAVIO DE GRUPOS DE ATENCIÃN PRIORITARIA,GAP,Unidad de investigaciÃ³n IND-1C/D
FADEINDEASRSDDUD,FISCALÃA DE INVESTIGACIÃN DE ASUNTOS RELEVANTES,D,UI-6SD
FADEINTLENCCSBUddeIn22SD,FISCALÃA DE INVESTIGACIÃN TERRITORIAL EN CUAUHTÃMOC,SCTPPMB,Unidad de InvestigaciÃ³n 2 S/D
FADEINDLDODEVAFR75UD,FISCALÃA DE INVESTIGACIÃN DEL DELITO DE VIOLENCIA FAMILIAR,75,UI-4SD
FADEINDEASRSDDUD,FISCALÃA DE INVESTIGACIÃN DE ASUNTOS RELEVANTES,D,UI-2SD
FADEINDLDODENOAPUD,FISCALÃA DE INVESTIGACIÃN DEL DELITO DE NARCOMENUDEO,AOP,UI-4SD
FADEINDLDODEVAFRAO44SNDO44SD,FISCALÃA DE INVESTIGACIÃN DEL DELITO DE VIOLENCIA FAMILIAR,AEAMZO,4 SIN DETENIDO 4 S/D
FAEAPALAANDEDSESAAUD,"FISCALÃA ESPECIALIZADA PARA LA ATENCIÃN DE DELITOS ELECTORALES

",A,UI-1SD
FADEINTLENGOA.MOG6UD,FISCALÃA DE INVESTIGACIÃN TERRITORIAL EN GUSTAVO A. MADERO,GAM-6,UI-2CD
FADEINTLENGOA.MOU6UD,FISCALÃA DE INVESTIGACIÃN TERRITORIAL EN GUSTAVO A. MADERO,UAT-GAM-6,UI-1SD
FAEAPALAANDEDSESDDUD,"FISCALÃA ESPECIALIZADA PARA LA ATENCIÃN DE DELITOS ELECTORALES

",DEC-D,UI-1CD
FADEINTLENGOA.MOG6UD,FISCALÃA DE INVESTIGACIÃN TERRITORIAL EN GUSTAVO A. MADERO,GAM-6,UI-3CD
FADEINTLENCCC6UD,FISCALÃA DE INVESTIGACIÃN TERRITORIAL EN CUAUHTÃMOC,CUH-6,UI-4SD
FADEINDEASRSDDUD,FISCALÃA DE INVESTIGACIÃN DE ASUNTOS RELEVANTES,D,UI-4SD
FADEINDEASRSBBUddein15SD,FISCALÃA DE INVESTIGACIÃN DE ASUNTOS RELEVANTES,B,Unidad de investigaciÃ³n 15 S/D
